Date,Open,High,Low,Close,Volume From,Volume To
13.03.2024,71452.01,73650.25,71333.31,73072.41,52659.71,3829764501.27
14.03.2024,73072.41,73777,68555,71388.94,71757.63,5132189849.09
15.03.2024,71388.94,72419.71,65600,69499.85,103334.04,7065279917.87
16.03.2024,69499.85,70043,64780,65300.63,55926.95,3788544202.87
17.03.2024,65300.63,68904.4,64533,68393.48,49742.22,3322963634.21
18.03.2024,68393.48,68956,66565.2,67609.99,55691.08,3768277912.43
19.03.2024,67609.99,68124.11,61555,61937.4,101005.32,6484805948.58
20.03.2024,61937.4,68100,60775,67840.51,90420.59,5769770052.13
21.03.2024,67840.51,68240.47,64529.01,65501.27,53357.48,3551223142.96
22.03.2024,65501.27,66649.62,62260,63796.64,51482.38,3310481978.21
23.03.2024,63796.64,65999,63000,63990.01,26410.11,1706152172.68
24.03.2024,63990.01,67628.69,63772.29,67209.99,31395.78,2059312948.65
25.03.2024,67209.99,71150,66385.06,69880.01,53431.14,3679964073.76
26.03.2024,69880.01,71561.1,69280,69988,38934.38,2738537345.26
27.03.2024,69988,71769.54,68359.18,69469.99,49119.36,3426458581.93
28.03.2024,69469.99,71552.06,68903.62,70780.6,35439.03,2500571208
29.03.2024,70780.6,70916.16,69009,69850.54,25445.08,1779608477.33
30.03.2024,69850.54,70321.1,69540,69582.18,13644.61,954555919.69
31.03.2024,69582.18,71366,69562.99,71280.01,19396.34,1367523707.26
01.04.2024,71280.01,71288.23,68062.86,69649.8,41445.32,2876486469.46
02.04.2024,69649.8,69674.23,64550,65463.99,71799.83,4750030717.89
03.04.2024,65463.99,66903.63,64493.07,65963.28,39887.22,2630556596.11
04.04.2024,65963.28,69309.91,65064.52,68487.79,41510.48,2795469450.57
05.04.2024,68487.79,68756.67,65952.56,67820.62,37915.23,2555458935.24
06.04.2024,67820.62,69692,67447.83,68896,20134.29,1373131967.77
07.04.2024,68896,70326.29,68824,69360.39,21534.74,1496213373.18
08.04.2024,69360.39,72797.99,69043.24,71620,45723.88,3270853309.69
09.04.2024,71620,71758.19,68210,69146,39293.9,2749007421.61
10.04.2024,69146,71172.08,67518,70631.08,42006.02,2901564970.78
11.04.2024,70631.08,71305.89,69567.21,70006.23,31917.26,2247473274.61
12.04.2024,70006.23,71227.46,65086.86,67116.52,56072.86,3843551585.32
13.04.2024,67116.52,67929,60660.57,63924.51,71395.22,4614468627.82
14.04.2024,63924.51,65840,62134,65661.84,61599.18,3946124834.69
15.04.2024,65661.84,66867.07,62274.4,63419.99,52389.53,3398072231.55
16.04.2024,63419.99,64365,61600,63793.39,53435.29,3355338198.44
17.04.2024,63793.39,64499,59678.16,61277.37,50610.55,3128625247.43
18.04.2024,61277.37,64117.09,60803.35,63470.08,43601.61,2726741448.91
19.04.2024,63470.08,65450,59600.01,63818.01,69774.3,4419893235.18
20.04.2024,63818.01,65419,63090.07,64940.59,23137.43,1486949581.43
21.04.2024,64940.59,65695.56,64237.5,64941.15,19316.42,1254396628.14
22.04.2024,64941.15,67232.35,64500,66819.32,31397.99,2071690434.96
23.04.2024,66819.32,67183.01,65765.81,66414,22599.9,1502139968.71
24.04.2024,66414,67070.43,63606.06,64289.59,33595.7,2195714861.64
25.04.2024,64289.59,65297.94,62794,64498.34,31341.46,2007704069.27
26.04.2024,64498.34,64820.01,63297.48,63770.01,27085.19,1736631357.35
27.04.2024,63770.01,63923.41,62391.24,63461.98,20933.06,1320337707.79
28.04.2024,63461.98,64370,62781,63118.62,16949.2,1078450016.47
29.04.2024,63118.62,64228.35,61765.53,63866,28150.23,1765038324.69
30.04.2024,63866,64734,59191.6,60672,54947.66,3372142467.41
01.05.2024,60672,60841.63,56552.82,58364.97,81166.47,4705572361.85
02.05.2024,58364.97,59625,56911.84,59060.61,47583.82,2778840305.07
03.05.2024,59060.61,63333,58811.32,62882.01,43628.4,2658193708.33
04.05.2024,62882.01,64540,62541.03,63892.04,24368.69,1547468697.88
05.05.2024,63892.04,64646,62822.17,64012,18526.75,1182572239.53
06.05.2024,64012,65500,62700,63165.19,34674.92,2218131198.46
07.05.2024,63165.19,64422.41,62261,62312.08,25598.79,1624531631.59
08.05.2024,62312.08,63020.22,60888,61193.03,26121.19,1623561041.11
09.05.2024,61193.03,63429.03,60630,63074.01,30660.81,1895849912.79
10.05.2024,63074.01,63469.13,60187.12,60799.99,36529.34,2255550468.41
11.05.2024,60799.99,61515,60487.09,60825.99,13374.57,814928013.46
12.05.2024,60825.99,61888,60610,61483.99,12753.13,781041632.47
13.05.2024,61483.99,63450,60749.21,62940.08,32733.42,2041896626.62
14.05.2024,62940.08,63118.36,61142.77,61577.49,29088.71,1800171313.76
15.05.2024,61577.49,66444.16,61319.47,66206.5,43559.75,2794259631.94
16.05.2024,66206.5,66752.01,64602.77,65235.21,31106.37,2045507646.84
17.05.2024,65235.21,67451.2,65106.38,67024,26292.23,1745971822.35
18.05.2024,67024,67400.01,66600,66915.2,14441.26,967145944.68
19.05.2024,66915.2,67700,65857.25,66274.01,18025.3,1204989222.87
20.05.2024,66274.01,71515.56,66060.31,71446.62,50816.7,3485474763.77
21.05.2024,71446.62,71979,69162.94,70148.34,49607.43,3509345769.25
22.05.2024,70148.34,70666,68842.19,69166.62,27673.18,1931700812.3
23.05.2024,69166.62,70096.12,66312.16,67969.65,40513.17,2766790260.79
24.05.2024,67969.65,69250,66600.12,68549.99,28095.84,1906438696.72
25.05.2024,68549.99,69610,68500,69290.57,12130.39,837339788.98
26.05.2024,69290.57,69562.23,68128.01,68507.67,11872.12,818914878.99
27.05.2024,68507.67,70687.56,68250,69436.43,23136.93,1604722197.85
28.05.2024,69436.43,69591.81,67277.91,68398.39,32622.97,2224860225.8
29.05.2024,68398.39,68935.68,67124.65,67652.42,23159.83,1573095221.63
30.05.2024,67652.42,69500,67128,68352.17,28478.22,1945001081.53
31.05.2024,68352.17,69044.1,66670,67540.01,26690.32,1812659052.26
01.06.2024,67540.01,67900,67428.44,67766.85,8837.66,598305207.99
02.06.2024,67766.85,68460,67257.47,67765.63,15426.33,1046827665.38
03.06.2024,67765.63,70288,67612.48,68809.9,29633.37,2047757076.23
04.06.2024,68809.9,71063.45,68567.32,70537.84,29619.78,2069902136.99
05.06.2024,70537.84,71758,70383.66,71108,28703.18,2040073765.87
06.06.2024,71108,71700,70117.64,70799.06,21842,1551467659.15
07.06.2024,70799.06,71997.02,68420,69355.6,35598.45,2507250591.34
08.06.2024,69355.6,69582.2,69168.02,69310.46,9773.83,678267390.53
09.06.2024,69310.46,69857.14,69130.24,69648.14,9890.57,687344656.07
10.06.2024,69648.14,70195.94,69172.29,69540,17122.67,1192466549.96
11.06.2024,69540,69590.01,66051,67314.24,41436.02,2793799020.47
12.06.2024,67314.24,69999,66905,68263.99,37175.32,2550285139.2
13.06.2024,68263.99,68449.3,66251.78,66773.01,29079.56,1958897960.91
14.06.2024,66773.01,67370.24,65078,66043.99,28408.19,1884451554.4
15.06.2024,66043.99,66478.48,65857.1,66228.25,11451.8,758175888.03
16.06.2024,66228.25,66998.7,66034.5,66676.87,9392.52,624653672.61
17.06.2024,66676.87,67298.81,65130,66504.33,27386.17,1812061226.76
18.06.2024,66504.33,66588.23,64060,65175.32,42350.1,2755141806.12
19.06.2024,65175.32,65727.54,64666,64974.37,20060.8,1307731953.96
20.06.2024,64974.37,66482.94,64559.15,64869.99,24265.29,1584896152.21
21.06.2024,64869.99,65066.66,63379.35,64143.56,25993.56,1665541539.7
22.06.2024,64143.56,64546.81,63943.82,64262.01,7308.96,470027247.34
23.06.2024,64262.01,64521,63178.32,63210.01,8224.45,526848525
24.06.2024,63210.01,63369.8,58402,60293.3,52161.35,3180853460.89
25.06.2024,60293.3,62420,60257.06,61806.01,31189.24,1914901308.84
26.06.2024,61806.01,62487.81,60712,60864.99,22485.66,1381716993.36
27.06.2024,60864.99,62389.22,60606.63,61706.47,18344.29,1126705164.78
28.06.2024,61706.47,62225.31,60063,60427.84,24821.19,1519872032.03
29.06.2024,60427.84,61224,60383.77,60986.68,11509.56,701345872.49
30.06.2024,60986.68,63058.76,60712.21,62772.01,17326.3,1070250012.55
01.07.2024,62772.01,63861.76,62497.2,62899.99,24547.11,1550980813.68
02.07.2024,62899.99,63288.83,61806.28,62135.47,18573.12,1160792332.58
03.07.2024,62135.47,62285.94,59400,60208.58,32160.11,1945901232.9
04.07.2024,60208.58,60498.19,56771,57050.01,54568.77,3168619756.23
05.07.2024,57050.01,57546,53485.93,56628.79,81348.25,4515040083.53
06.07.2024,56628.79,58475,56018,58230.13,21651.32,1235398733.44
07.07.2024,58230.13,58449.46,55724.37,55857.81,19118.94,1094135752.45
08.07.2024,55857.81,58236.73,54260.16,56714.62,48090.2,2699942701.35
09.07.2024,56714.62,58296,56289.45,58050,27732.21,1592351321.66
10.07.2024,58050,59470,57157.79,57725.85,24951.74,1452293495.67
11.07.2024,57725.85,59650,57050,57339.89,29761.06,1728929618.01
12.07.2024,57339.89,58526.68,56542.47,57889.1,23652.46,1360201319.04
13.07.2024,57889.1,59850,57756.63,59204.02,15357.75,900429281.15
14.07.2024,59204.02,61420.69,59194.01,60797.91,21178.34,1273562988.6
15.07.2024,60797.91,64900,60632.3,64724.14,38690.98,2435540878.99
16.07.2024,64724.14,65388.97,62373.24,65043.99,42530.53,2725231969.31
17.07.2024,65043.99,66128.63,63854,64087.99,29567.53,1922412273.1
18.07.2024,64087.99,65133.3,63238.48,63987.92,22568.72,1449872437.64
19.07.2024,63987.92,67386,63300.67,66660,35634.73,2331517674.45
20.07.2024,66660,67598,66222.46,67139.96,14386.92,961878801.85
21.07.2024,67139.96,68366.66,65777,68165.34,21819.11,1465757867.95
22.07.2024,68165.34,68474.55,66559.97,67532.01,21451.04,1448418369.88
23.07.2024,67532.01,67750.98,65441.08,65936.01,31406.15,2088544473.31
24.07.2024,65936.01,67102.01,65111,65376,23082.56,1526490826.46
25.07.2024,65376,66175.49,63456.7,65799.95,35126.43,2266419771.21
26.07.2024,65799.95,68200,65722.63,67907.99,24244.36,1630839588.68
27.07.2024,67907.99,69399.99,66650,67896.5,31710.22,2162335067
28.07.2024,67896.5,68318.43,67066.66,68249.88,10868.69,736755676.14
29.07.2024,68249.88,70079.99,66428,66784.69,36467.3,2499265962
30.07.2024,66784.69,67000,65302.67,66188,23132.25,1533270724.81
31.07.2024,66188,66849.24,64530,64628,22625.44,1489443332.54
01.08.2024,64628,65659.78,62302,65354.02,35542.27,2270877792.72
02.08.2024,65354.02,65596.14,61230.01,61498.33,38820.43,2469588785.66
03.08.2024,61498.33,62198.22,59850,60697.99,28034.72,1711555901.18
04.08.2024,60697.99,61117.63,57122.77,58161,31616.52,1874490041.55
05.08.2024,58161,58305.59,49000,54018.81,162065.59,8580928177.42
06.08.2024,54018.81,57040.99,53950,56022.01,55884.78,3119018848.31
07.08.2024,56022.01,57736.05,54558.62,55134.16,44269.38,2490553853.61
08.08.2024,55134.16,62745.14,54730,61685.99,48349.53,2836312292.43
09.08.2024,61685.99,61744.37,59535,60837.99,30972.48,1878350555.51
10.08.2024,60837.99,61470.58,60242,60923.51,9995.21,607372221.25
11.08.2024,60923.51,61858,58286.73,58712.59,19189.85,1152081498.15
12.08.2024,58712.59,60711.09,57642.21,59346.64,37009.92,2186851067.35
13.08.2024,59346.64,61578.1,58392.88,60587.15,27858.96,1668247896.85
14.08.2024,60587.15,61800,58433.18,58683.39,28422.76,1705464263.5
15.08.2024,58683.39,59849.38,56078.54,57541.06,37686.18,2194915865.05
16.08.2024,57541.06,59817.76,57098.62,58874.6,27610.84,1614654900.34
17.08.2024,58874.6,59700,58785.05,59491.99,7721.73,457737705.77
18.08.2024,59491.99,60284.99,58408.92,58427.35,13634.86,813166580.73
19.08.2024,58427.35,59617.63,57787.3,59438.5,22809.31,1336287900.2
20.08.2024,59438.5,61400,58548.23,59013.8,31477.45,1890620149.79
21.08.2024,59013.8,61820.93,58783.47,61156.03,27983.64,1682529555.1
22.08.2024,61156.03,61400,59724.87,60375.84,21241.21,1288544247.95
23.08.2024,60375.84,64955,60342.14,64037.24,38118.07,2375916932.8
24.08.2024,64037.24,64494.5,63531,64157.01,15857.16,1015774255.17
25.08.2024,64157.01,65000,63773.27,64220,12305.48,789935122.99
26.08.2024,64220,64481,62800,62834,19470.05,1238341818.43
27.08.2024,62834,63212,58034.01,59415,35135.94,2158144642.99
28.08.2024,59415,60234.98,57860,59034.9,36868.54,2183054412.96
29.08.2024,59034.9,61166.99,58713.09,59359.01,27020.91,1617931684.26
30.08.2024,59359.01,59944.07,57701.1,59123.99,28519.32,1680918972.46
31.08.2024,59123.99,59462.38,58744,58973.99,8798.41,519849184.87
01.09.2024,58973.99,59076.59,57201,57301.86,20705.16,1202176847.39
02.09.2024,57301.86,59425.69,57128,59132.13,22895.01,1333092369.44
03.09.2024,59132.13,59809.65,57415,57487.73,22828.18,1335076815.86
04.09.2024,57487.73,58519,55606,57970.9,35560.82,2027630870.2
05.09.2024,57970.9,58327.07,55643.65,56180,27806.91,1577770853.1
06.09.2024,56180,57008,52550,53962.97,54447.77,2988914918.94
07.09.2024,53962.97,54850,53745.54,54160.86,16694.05,905693342.59
08.09.2024,54160.86,55318,53629.01,54869.95,16274.15,885743172.92
09.09.2024,54869.95,58088,54591.96,57042,32384.52,1809715390.05
10.09.2024,57042,58044.36,56386.4,57635.99,23626.78,1349365460.1
11.09.2024,57635.99,57981.71,55545.19,57338,33026.57,1875738697.37
12.09.2024,57338,58588,57324,58132.32,31074.41,1802848638.07
13.09.2024,58132.32,60625,57632.62,60498,29825.23,1760671733.59
14.09.2024,60498,60610.45,59400,59993.03,12137.91,728527024.34
15.09.2024,59993.03,60395.8,58691.05,59132,13757.92,822410872.39
16.09.2024,59132,59210.7,57493.3,58213.99,26477.56,1543273198.69
17.09.2024,58213.99,61320,57610.01,60313.99,33116.26,1983378424.76
18.09.2024,60313.99,61786.24,59174.8,61759.99,36087.02,2174000496.85
19.09.2024,61759.99,63850,61555,62947.99,34332.53,2153175931.17
20.09.2024,62947.99,64133.32,62350,63201.05,25466.38,1611195964
21.09.2024,63201.05,63559.9,62758,63348.96,8375.35,528657852.32
22.09.2024,63348.96,64000,62357.93,63578.76,14242.2,897477338.37
23.09.2024,63578.76,64745.88,62538.75,63339.99,24078.05,1531015038.36
24.09.2024,63339.99,64688,62700,64262.7,23185.05,1472720338.86
25.09.2024,64262.7,64817.99,62947.08,63152.01,17813.11,1135250828.28
26.09.2024,63152.01,65839,62670,65173.99,28373.31,1831204595.96
27.09.2024,65173.99,66498,64819.9,65769.95,22048.8,1448852210.35
28.09.2024,65769.95,66260,65422.23,65858,9127.23,600118483.12
29.09.2024,65858,66076.12,65432,65602.01,8337.74,547980013.71
30.09.2024,65602.01,65618.8,62856.3,63327.59,30011.09,1920250261.74
01.10.2024,63327.59,64130.63,60164,60805.78,43671.48,2723672081.85
02.10.2024,60805.78,62390.31,60000,60649.28,31534.7,1928377637.82
03.10.2024,60649.28,61477.19,59828.11,60752.71,26221.43,1590773866.79
04.10.2024,60752.71,62484.85,60459.9,62086,21294.66,1311145630.52
05.10.2024,62086,62370.56,61689.26,62058,7807.46,484588468.34
06.10.2024,62058,62975,61798.97,62819.91,8906.86,555669634.48
07.10.2024,62819.91,64478.19,62128,62224,25966.19,1646315506.6
08.10.2024,62224,63200,61860.31,62160.49,19702.22,1230076253.82
09.10.2024,62160.49,62543.75,60301,60636.02,20011.16,1234778807.59
10.10.2024,60636.02,61321.68,58946,60326.39,23967.92,1445604381.93
11.10.2024,60326.39,63417.56,60087.64,62540,23641.35,1462219576.85
12.10.2024,62540,63480,62487.23,63206.22,10911.3,686978509
13.10.2024,63206.22,63285.72,62050,62870.02,11909.22,746564374.22
14.10.2024,62870.02,66500,62457.81,66083.99,37669.95,2450094472.82
15.10.2024,66083.99,67950,64800.01,67074.14,43683.95,2894021862.31
16.10.2024,67074.14,68424,66750.49,67620.01,29938.26,2024560410.14
17.10.2024,67620.01,67939.4,66666,67421.78,25328.23,1702164439.57
18.10.2024,67421.78,69000,67192.36,68428,28725.64,1959735899.93
19.10.2024,68428,68693.26,68010,68378,8193.67,559628628.96
20.10.2024,68378,69400,68100,69031.99,12442.47,854082429.81
21.10.2024,69031.99,69519.52,66840.67,67377.5,31374.42,2130833593.54
22.10.2024,67377.5,67836.01,66571.42,67426,24598.96,1654285791.68
23.10.2024,67426,67472.83,65260,66668.65,25530.24,1695101430.96
24.10.2024,66668.65,68850,66510,68198.28,22589.84,1526736320.92
25.10.2024,68198.28,68771.49,65596.29,66698.33,34479.71,2320667435.27
26.10.2024,66698.33,67454.55,66439.9,67092.76,11842.91,792887047.15
27.10.2024,67092.76,68332.05,66913.73,68021.7,8653.2,585006148.47
28.10.2024,68021.7,70270,67618,69962.21,29046.75,2005105729.82
29.10.2024,69962.21,73620.12,69760,72736.42,50128.61,3602465986.9
30.10.2024,72736.42,72961,71436,72344.74,26885.99,1941210537.3
31.10.2024,72344.74,72700,69685.76,70292.01,29352.1,2091144977.53
01.11.2024,70292.01,71632.95,68820.14,69496.01,38301.87,2677358022.03
02.11.2024,69496.01,69914.37,69000.14,69374.74,10521.67,731232427.63
03.11.2024,69374.74,69391,67478.73,68775.99,24995.7,1709666206.42
04.11.2024,68775.99,69500,66835,67850.01,29800.39,2033902307.01
05.11.2024,67850.01,70577.91,67476.63,69372.01,33355.07,2310418908.08
06.11.2024,69372.01,76400,69298,75571.99,104126.99,7702283270.27
07.11.2024,75571.99,76849.99,74416,75857.89,44869.42,3391796662.02
08.11.2024,75857.89,77199.99,75555,76509.78,36521.1,2784449097.57
09.11.2024,76509.78,76900,75714.66,76677.46,16942.08,1294709001.61
10.11.2024,76677.46,81500,76492,80370.01,61830.1,4905441473.98
11.11.2024,80370.01,89530.54,80216.01,88647.99,82323.67,6944268710
12.11.2024,88647.99,89940,85072,87952.01,97299.89,8540084566.32
13.11.2024,87952.01,93265.64,86127.99,90375.2,86763.85,7790928962.09
14.11.2024,90375.2,91790,86668.21,87325.59,56729.51,5073860816.03
15.11.2024,87325.59,91850,87073.38,91032.07,47927.95,4276238971.24
16.11.2024,91032.07,91779.66,90056.17,90586.92,22717.88,2067958511.92
17.11.2024,90586.92,91449.99,88722,89855.99,23867.56,2153871724.85
18.11.2024,89855.99,92594,89376.9,90464.08,46545.03,4239909950.68
19.11.2024,90464.08,93905.51,90357,92310.79,43660.05,4025108502.9
20.11.2024,92310.79,94831.97,91500,94286.56,42203.2,3950932314.72
21.11.2024,94286.56,98988,94040,98317.12,69228.36,6722807908.36
22.11.2024,98317.12,99588.01,97122.11,98892,46189.31,4555536773.47
23.11.2024,98892,98908.85,97136,97672.4,24757.84,2431609866.29
24.11.2024,97672.4,98564,95734.77,97900.04,31200.98,3034172011.95
25.11.2024,97900.04,98871.8,92600.19,93010.01,50847.45,4883444806.39
26.11.2024,93010.01,94973.37,90791.1,91965.16,57858.73,5370918648.83
27.11.2024,91965.16,97208.21,91792.14,95863.11,41153.43,3894358511.66
28.11.2024,95863.11,96564,94640,95643.98,28814.54,2749861591.25
29.11.2024,95643.98,98619.99,95364.99,97460,27701.78,2690451030.67
30.11.2024,97460,97463.95,96092.01,96407.99,14503.83,1402672950.67
01.12.2024,96407.99,97836,95693.88,97185.18,16938.6,1641327626.59
02.12.2024,97185.18,98130,94395,95840.62,37958.67,3646639621.75
03.12.2024,95840.62,96305.52,93578.17,95849.69,35827.32,3413995542.04
04.12.2024,95849.69,99000,94587.83,98587.32,43850.54,4241994533.82
05.12.2024,98587.32,104088,90500,96945.63,109921.73,11048002942.23
06.12.2024,96945.63,101898.99,95981.72,99740.84,45049.53,4456641685.41
07.12.2024,99740.84,100439.18,98844,99831.99,14931.95,1487953846.85
08.12.2024,99831.99,101351,98657.7,101109.59,14613,1459576946.4
09.12.2024,101109.59,101215.93,94150.05,97276.47,53949.12,5283626995.72
10.12.2024,97276.47,98270,94256.54,96593,51708.69,4988660195.09
11.12.2024,96593,101888,95658.24,101125,37753.78,3745703763.04
12.12.2024,101125,102540,99311.64,100004.29,29232.09,2949462583.9
13.12.2024,100004.29,101895.26,99205,101424.25,21904.04,2203903393.09
14.12.2024,101424.25,102650,100609.41,101420,14191.7,1441594367.04
15.12.2024,101420,105250,101237.14,104463.99,22228.92,2290462903.84
16.12.2024,104463.99,107793.07,103333,106058.66,41302.4,4364964400.68
17.12.2024,106058.66,108353,105321.49,106133.74,29064.94,3103833327.82
18.12.2024,106133.74,106524.98,100000,100204.01,50308,5194263316.27
19.12.2024,100204.01,102800.11,95700,97461.86,55147.4,5487546517.7
20.12.2024,97461.86,98233,92232.54,97805.44,62884.14,6022845238.83
21.12.2024,97805.44,99540.61,96398.39,97291.99,23483.54,2296232055.2
22.12.2024,97291.99,97448.08,94250.35,95186.27,19353.83,1857819866.36
23.12.2024,95186.27,96538.92,92520,94881.47,32810.77,3100007213.49
24.12.2024,94881.47,99487.99,93569.02,98663.58,23674.22,2287214424.71
25.12.2024,98663.58,99569.15,97632.02,99429.6,14474.17,1426143976.05
26.12.2024,99429.6,99963.7,95199.14,95791.6,21192.37,2049123567.38
27.12.2024,95791.6,97544.58,93500.01,94299.03,26501.26,2528567849.77
28.12.2024,94299.03,95733.99,94135.66,95300,8385.89,794651624.83
29.12.2024,95300,95340,93009.52,93738.2,13576.01,1278370863.98
30.12.2024,93738.2,95024.5,91530.45,92792.05,27619.42,2573126059.77
31.12.2024,92792.05,96250,92033.73,93576,19612.03,1845718801.91
01.01.2025,93576,95151.15,92888,94591.79,10373.33,975444194.14
02.01.2025,94591.79,97839.5,94392,96984.79,21970.49,2118411852.68
03.01.2025,96984.79,98976.91,96100.01,98174.18,15253.83,1486610768.59
04.01.2025,98174.18,98778.43,97514.79,98220.5,8990.06,881223751.63
05.01.2025,98220.5,98836.85,97276.79,98363.61,8095.64,793931715.95
06.01.2025,98363.61,102480,97920,102235.6,25263.43,2540561688.78
07.01.2025,102235.6,102724.38,96181.81,96954.61,32059.88,3170421659.71
08.01.2025,96954.61,97268.65,92500.9,95060.61,33704.68,3205849081.11
09.01.2025,95060.61,95382.32,91203.67,92552.49,34544.84,3217669887.24
10.01.2025,92552.49,95836,92206.02,94726.11,31482.86,2962085343.28
11.01.2025,94726.11,95050.94,93831.73,94599.99,7047.9,665685994.93
12.01.2025,94599.99,95450.1,93711.19,94545.06,8606.87,813278829.66
13.01.2025,94545.06,95940,89256.69,94536.1,42619.56,3930666134.34
14.01.2025,94536.1,97371,94346.22,96560.86,27846.62,2676048470.36
15.01.2025,96560.86,100681.94,96500,100497.35,30509.99,3006242382.89
16.01.2025,100497.35,100866.66,97335.13,99987.3,27832.85,2765162040.67
17.01.2025,99987.3,105865.22,99950.77,104077.48,39171.85,4040993985.49
18.01.2025,104077.48,104988.88,102277.55,104556.23,24307.83,2521522119.37
19.01.2025,104556.23,106422.43,99651.6,101331.57,43397.28,4513423971.41
20.01.2025,101331.57,109588,99550,102260.01,89529.23,9398787064.33
21.01.2025,102260.01,107240.81,100119.04,106143.82,45941.02,4768512258.16
22.01.2025,106143.82,106394.46,103339.12,103706.66,22248.69,2331144640.66
23.01.2025,103706.66,106850,101262.28,103910.34,53953.12,5610760848.15
24.01.2025,103910.34,107120,102750,104870.5,23609.24,2483818574.38
25.01.2025,104870.5,105286.52,104106.09,104746.85,9068.32,949511531.36
26.01.2025,104746.85,105500,102520.44,102620,9812.51,1024352365.47
27.01.2025,102620,103260,97777.77,102082.83,50758.13,5092886322.83
28.01.2025,102082.83,103800,100272.68,101335.52,22022.06,2253977324.04
29.01.2025,101335.52,104782.68,101328.01,103733.24,23155.36,2380383694.77
30.01.2025,103733.24,106457.44,103278.54,104722.94,19374.07,2038112603.51
31.01.2025,104722.94,106012,101560,102429.56,21983.18,2282174002.19
01.02.2025,102429.56,102783.71,100279.51,100635.65,12290.96,1250354228.24
02.02.2025,100635.65,101456.6,96150,97700.59,34619.5,3412084312.56
03.02.2025,97700.59,102500.01,91231,101328.52,75164.74,7228589180.73
04.02.2025,101328.52,101732.31,96150,97763.13,40267.99,3989698644.26
05.02.2025,97763.13,99149,96155,96612.43,26233.3,2562342153.83
06.02.2025,96612.43,99120,95676.64,96554.35,23515.2,2289071921.21
07.02.2025,96554.35,100137.99,95620.34,96506.8,31794.22,3107592434.68
08.02.2025,96506.8,96880,95688,96444.74,10147.24,977040267.52
09.02.2025,96444.74,97323.09,94713,96462.75,14120.92,1359495152.31
10.02.2025,96462.75,98345,95256,97430.82,20572.88,1999112052.66
11.02.2025,97430.82,98478.42,94876.88,95778.2,18647.76,1806534846.38
12.02.2025,95778.2,98119.99,94088.23,97869.99,29151.17,2800142168.41
13.02.2025,97869.99,98083.91,95217.36,96608.14,19921.78,1916988246.4
14.02.2025,96608.14,98826,96252.82,97500.48,18173.03,1768073218.87
15.02.2025,97500.48,97972.26,97223.58,97569.66,7349.38,717245393.78
16.02.2025,97569.66,97704.47,96046.18,96118.12,8191.42,794694242.3
17.02.2025,96118.12,97046.59,95205,95780,16492.05,1584593526.18
18.02.2025,95780,96753.91,93388.09,95671.74,23368.19,2223994802.89
19.02.2025,95671.74,96899.99,95029.99,96644.37,16438.51,1576817572.1
20.02.2025,96644.37,98711.36,96415.09,98305,17057.39,1663386824.74
21.02.2025,98305,99475,94871.95,96181.98,32249.28,3143975917.56
22.02.2025,96181.98,96980,95770.49,96551.01,11268.18,1087077133.83
23.02.2025,96551.01,96650,95227.94,96258,10884.85,1044392011.79
24.02.2025,96258,96500,91349.26,91552.88,31550.1,2981809595.44
25.02.2025,91552.88,92540.69,86050.99,88680.4,78333.11,6962982500.88
26.02.2025,88680.4,89414.15,82256.01,84250.09,56893.54,4898429925.64
27.02.2025,84250.09,87078.46,82716.49,84708.58,42505.45,3618738891.23
28.02.2025,84708.58,85120,78258.52,84349.94,83648.04,6806705236.7
01.03.2025,84349.94,86558,83824.78,86064.53,25785.05,2194003507.82
02.03.2025,86064.53,95000,85050.6,94270,54889.09,4972549515.81
03.03.2025,94270,94416.46,85117.11,86220.61,59171.1,5321123743.48
04.03.2025,86220.61,88967.52,81500,87281.98,55609.11,4704901219.58
05.03.2025,87281.98,91000,86334.53,90606.01,38264.01,3400243670.31
06.03.2025,90606.01,92810.64,87836,89931.89,34342.45,3105145628.4
07.03.2025,89931.89,91283.02,84667.03,86801.75,57980.36,5097554826.62
08.03.2025,86801.75,86897.25,85218.47,86222.45,12989.23,1119358968.66
09.03.2025,86222.45,86500,80000,80734.37,26115.39,2173552660.44
10.03.2025,80734.37,84123.46,77459.91,78595.86,47633.38,3834924947.73
11.03.2025,78595.86,83617.4,76606,82932.99,48770.07,3927000827.12
12.03.2025,82932.99,84539.85,80607.65,83680.12,31933.99,2638600996.82
13.03.2025,83680.12,84336.33,79939.9,80489.26,26138.89,2146875920.1
13.03.2023,21997.11,24500,21813.88,24113.48,687889.31,15824996078.4
14.03.2023,24113.48,26386.87,23976.42,24670.41,699360.93,17465307097.76
15.03.2023,24670.41,25196.97,23896.95,24285.66,581450.73,14291005743.97
16.03.2023,24285.66,25167.4,24123,24998.78,439421.33,10847330151.94
17.03.2023,24998.78,27756.84,24890,27395.13,624460.68,16476681071.25
18.03.2023,27395.13,27724.85,26578,26907.49,371238.97,10135945069.64
19.03.2023,26907.49,28390.1,26827.22,27972.87,372066.99,10264707987.62
20.03.2023,27972.87,28472,27124.47,27717.01,477378.23,13300424536.59
21.03.2023,27717.01,28438.55,27303.1,28105.47,420929.74,11760492716.41
22.03.2023,28105.47,28868.05,26601.8,27250.97,224113.41,6272099822.53
23.03.2023,27250.97,28750,27105,28295.41,128649.61,3591123573.19
24.03.2023,28295.41,28374.3,27000,27454.47,86242.07,2403443392.09
25.03.2023,27454.47,27787.33,27156.09,27462.95,50844.08,1397227639.24
26.03.2023,27462.95,28194.4,27417.76,27968.05,49671.7,1380973403.02
27.03.2023,27968.05,28023.86,26508.14,27124.91,88039.47,2407130888.02
28.03.2023,27124.91,27210,26631.78,26882.07,54059.09,1457320092.99
29.03.2023,26882.07,28650,26882.07,28348.6,89486.16,2519887866.14
30.03.2023,28348.6,29184.68,27686,28028.53,98865.43,2808471938.57
31.03.2023,28028.53,28656.69,27511.71,28465.36,78198.12,2203253311.68
01.04.2023,28465.36,28819.71,28220.27,28452.73,30238.45,860804237.46
02.04.2023,28452.73,28530,27856.43,28171.87,37365.66,1053600933.07
03.04.2023,28171.87,28500.99,27200.24,27800,79180.01,2214361048.74
04.04.2023,27800,28444.44,27662.79,28165.47,49722.56,1397141464.87
05.04.2023,28165.47,28775,27805.1,28170.01,60737.65,1721098539.05
06.04.2023,28170.01,28182.05,27711,28033.82,40118.95,1122713087.56
07.04.2023,28033.82,28100,27766.94,27906.33,24762.09,691323748.93
08.04.2023,27906.33,28154.99,27859.02,27938.38,19479.97,545324518.69
09.04.2023,27938.38,28530,27800,28323.76,32531.16,913915923.7
10.04.2023,28323.76,29770,28170,29637.34,67754.06,1955300943.17
11.04.2023,29637.34,30550,29590,30200.42,67990.08,2046078278.08
12.04.2023,30200.42,30486,29637.4,29888.07,62049.48,1863497606.14
13.04.2023,29888.07,30595,29854.59,30373.84,51934.12,1571091101.13
14.04.2023,30373.84,31000,29966,30466.93,75984.19,2323267494.39
15.04.2023,30466.93,30595.6,30202,30295.09,25429.81,772211097.61
16.04.2023,30295.09,30549.99,30120,30304.65,26431.99,801322926.15
17.04.2023,30304.65,30316.06,29240.65,29430.27,56441.81,1675287761.43
18.04.2023,29430.27,30485,29096.78,30380.01,62004.89,1861001491.98
19.04.2023,30380.01,30413.53,28520,28797.1,86575.49,2541283888.31
20.04.2023,28797.1,29088.3,28010,28243.65,76879.09,2198854031.41
21.04.2023,28243.65,28374.02,27125,27262.84,77684.77,2164667611.93
22.04.2023,27262.84,27882.72,27140.35,27816.85,36023.7,989379475.32
23.04.2023,27816.85,27816.85,27311.25,27590.6,34812.1,959389698.75
24.04.2023,27590.6,28000,26942.82,27510.93,53111.57,1458406515.65
25.04.2023,27510.93,28399.99,27192,28300.79,52325.15,1446329375.25
26.04.2023,28300.79,30036,27235,28415.29,129228.4,3719701461.95
27.04.2023,28415.29,29890,28378.86,29472.77,95430.82,2784859692.41
28.04.2023,29472.77,29599.54,28891,29311.7,54298.17,1590683771.68
29.04.2023,29311.7,29448.88,29031,29230.45,20466.83,599466910.05
30.04.2023,29230.45,29969.39,29079.59,29233.21,39752.54,1172155267.88
01.05.2023,29233.21,29337.34,27666.95,28068.26,64433.66,1828221138.98
02.05.2023,28068.26,28879.88,27872,28669.86,50824.52,1441733922.02
03.05.2023,28669.86,29266.66,28113.69,29026.16,64615.79,1845961218.87
04.05.2023,29026.16,29379.83,28663.64,28838.16,42575.48,1233816136.17
05.05.2023,28838.16,29677,28800,29505.61,58415.83,1709786814.92
06.05.2023,29505.61,29820,28300,28848.2,49249.28,1429517892.79
07.05.2023,28848.2,29138.29,28395.23,28430.1,30003.41,865838535.32
08.05.2023,28430.1,28631.01,27262,27668.79,68244.36,1903052694.69
09.05.2023,27668.79,27818,27353,27628.27,40113.31,1106923908.3
10.05.2023,27628.27,28331.42,26777,27598.75,71155.11,1971173412.45
11.05.2023,27598.75,27630.14,26702.05,26968.62,47635.31,1295799109.02
12.05.2023,26968.62,27091.12,25811.46,26795.01,67207.93,1777052127.73
13.05.2023,26795.01,27045.45,26692.03,26775.28,22814.9,612062852.09
14.05.2023,26775.28,27200,26560.53,26917.62,21594.8,580801698
15.05.2023,26917.62,27663.59,26726,27162.14,40430.08,1104633264.13
16.05.2023,27162.14,27296.89,26852.11,27033.84,33270.45,900273404.6
17.05.2023,27033.84,27500,26544.71,27405.61,42958.98,1159714527.64
18.05.2023,27405.61,27485.33,26361.2,26821.28,49198.65,1330745572.69
19.05.2023,26821.28,27183.6,26630,26880.26,28754.14,772864757.16
20.05.2023,26880.26,27150,26825.11,27102.43,14434.55,389225653.74
21.05.2023,27102.43,27277.55,26666.03,26747.78,21347.87,575213570.28
22.05.2023,26747.78,27099.89,26538.21,26849.27,26458.84,709594996.72
23.05.2023,26849.27,27495.83,26798.11,27219.61,38700.84,1054565781.6
24.05.2023,27219.61,27219.61,26080.5,26329.01,54393.07,1442636235.45
25.05.2023,26329.01,26631.98,25871.89,26473.79,37435.45,984117789.7
26.05.2023,26473.79,26932.16,26327.24,26705.92,35061.19,932817724.59
27.05.2023,26705.92,26895,26551,26854.27,15095.69,403337263.03
28.05.2023,26854.27,28261.32,26764.36,28065,43916.01,1205762341.98
29.05.2023,28065,28447.14,27524.6,27736.4,42385.42,1182678581.64
30.05.2023,27736.4,28038.59,27554,27694.4,32686.75,908653906.02
31.05.2023,27694.4,27835.51,26839.01,27210.35,46588.81,1265952178.79
01.06.2023,27210.35,27350,26605.05,26817.93,39217.81,1055132509.88
02.06.2023,26817.93,27300,26505,27242.59,36380.9,983857061.65
03.06.2023,27242.59,27333.29,26914.93,27069.22,16595.34,450588672.47
04.06.2023,27069.22,27455.02,26951,27115.21,19258.41,523747237.44
05.06.2023,27115.21,27129.33,25388,25728.2,65805.6,1722665798.1
06.06.2023,25728.2,27355.33,25351.02,27230.08,68392.6,1797636024.1
07.06.2023,27230.08,27391.77,26125.01,26339.34,59619.44,1589291467.56
08.06.2023,26339.34,26810,26210,26498.61,31075.51,823023638.25
09.06.2023,26498.61,26783.33,26269.91,26477.81,27934.71,741158215.06
10.06.2023,26477.81,26533.87,25358,25841.21,64944.6,1673795235.43
11.06.2023,25841.21,26206.88,25634.7,25925.55,30014.3,776111471.88
12.06.2023,25925.55,26106.48,25602.11,25905.19,29900.51,773303698.86
13.06.2023,25905.19,26433.21,25712.57,25934.25,41065.61,1068985236.51
14.06.2023,25934.25,26098,24820.56,25128.6,45077.32,1152808416.92
15.06.2023,25128.6,25759.01,24800,25598.49,48664.86,1224436974.86
16.06.2023,25598.49,26518,25175.56,26345,51596.92,1335158158.64
17.06.2023,26345,26839.99,26181,26516.99,27842.22,738491809.88
18.06.2023,26516.99,26700,26255.85,26339.97,21538.31,571013013.85
19.06.2023,26339.97,27068.09,26256.61,26844.35,35872.66,954193987.29
20.06.2023,26844.35,28402.74,26652,28307.99,69666.96,1912797983.54
21.06.2023,28307.99,30800,28257.99,29993.89,108926.4,3210301129.39
22.06.2023,29993.89,30500,29525.61,29884.92,59054.56,1775822103.76
23.06.2023,29884.92,31431.94,29800,30688.5,73931.9,2265077496.19
24.06.2023,30688.5,30800,30250,30527.43,30513.3,933244397.7
25.06.2023,30527.43,31046.01,30277.49,30462.66,30223.45,926316644.42
26.06.2023,30462.66,30666,29930,30267.99,45180.41,1367837657.55
27.06.2023,30267.99,30994.97,30226.17,30692.44,42699.64,1306206257.02
28.06.2023,30692.44,30709.74,29858.8,30077.41,40463.52,1224103637.6
29.06.2023,30077.41,30843.98,30049.98,30447.31,36330.63,1107940389.92
30.06.2023,30447.31,31282,29500,30472,89419.08,2726355505.51
01.07.2023,30472,30661.6,30320.57,30585.9,17501.75,533859338.13
02.07.2023,30585.9,30791,30155,30617.03,23286.41,711031423.43
03.07.2023,30617.03,31380,30570.27,31156.2,43761.64,1352635339.51
04.07.2023,31156.2,31350.69,30620,30766.51,33206.12,1028794008.52
05.07.2023,30766.51,30878.07,30200,30504.81,33215.67,1013694790.32
06.07.2023,30504.81,31500,29850.45,29895.43,71319.63,2181763649
07.07.2023,29895.43,30449,29701.02,30344.7,34070.54,1027461795.24
08.07.2023,30344.7,30386.81,30044.47,30284.63,13094.59,395759717.57
09.07.2023,30284.63,30445.52,30061.12,30160.71,15388.5,465781514.26
10.07.2023,30160.71,31045.78,29950,30411.57,41262.88,1254289037.74
11.07.2023,30411.57,30813.63,30300,30622.1,28476.83,868966244.24
12.07.2023,30622.1,30983.25,30210,30380,38109,1166497472.43
13.07.2023,30380,31804.2,30251,31454.23,70772.52,2194927210.22
14.07.2023,31454.23,31630,29900,30312.01,60749.48,1869443273.74
15.07.2023,30312.01,30390.9,30200,30289.52,14118.55,427921094.3
16.07.2023,30289.52,30441.46,30064.29,30231.99,15760.13,477189328.01
17.07.2023,30231.99,30336.96,29659.2,30138,30882.77,929647644.24
18.07.2023,30138,30239.78,29512,29859.13,30003.86,897157095.48
19.07.2023,29859.13,30189.09,29761.96,29909.21,25657.36,769254865.28
20.07.2023,29909.21,30417.46,29570.96,29800,37540.68,1125950643.71
21.07.2023,29800,30061.7,29726.34,29901.72,23881.41,713123417.76
22.07.2023,29901.72,29999,29625.1,29794,14660.4,437785700.34
23.07.2023,29794,30350,29730,30083.75,18292.79,548940321.09
24.07.2023,30083.75,30099.58,28861.9,29176.5,39629,1162562413.82
25.07.2023,29176.5,29376,29047.65,29228.91,21565.75,629531351.11
26.07.2023,29228.91,29690,29096.94,29351.96,33931.63,995569172.14
27.07.2023,29351.96,29567.49,29083.85,29222.78,22476.48,659594157.34
28.07.2023,29222.78,29542.22,29123.12,29314.14,23993.62,702705076.84
29.07.2023,29314.14,29406.92,29256.18,29352.9,10851.37,318276733.88
30.07.2023,29352.9,29449,29033.24,29281.09,15706.97,459830379.65
31.07.2023,29281.09,29530,29101.8,29232.25,22605.49,663025204.21
01.08.2023,29232.25,29739.25,28585.7,29705.99,44719.65,1299160215.08
02.08.2023,29705.99,30047.5,28927.5,29186.01,48181.65,1419729744.65
03.08.2023,29186.01,29433.33,28968,29193.64,26476.92,773302705.49
04.08.2023,29193.64,29333.08,28807.54,29113.99,23551.95,686643453.39
05.08.2023,29113.99,29152.23,28978.64,29072.13,11645.52,338478560.12
06.08.2023,29072.13,29205.09,28991.88,29088.42,13178.2,383209498.88
07.08.2023,29088.42,29276.78,28701.03,29211.06,30966.88,899492595.68
08.08.2023,29211.06,30244,29146.45,29770.42,45700.53,1352934531.66
09.08.2023,29770.42,30160,29376.67,29581.99,38003.89,1130396850.1
10.08.2023,29581.99,29738,29320.2,29455.75,23463.45,692863472.09
11.08.2023,29455.75,29564.52,29252.45,29426.03,20637.04,607176051.3
12.08.2023,29426.03,29481.35,29381.56,29430.17,8971.48,263949405.54
13.08.2023,29430.17,29474.65,29272.32,29303.84,11101.71,326264625.23
14.08.2023,29303.84,29695.32,29102.45,29430.93,31443.12,924613476.68
15.08.2023,29430.93,29499.26,29059.6,29200,27503.88,806683957.31
16.08.2023,29200,29259.85,28723.08,28730.51,32996.7,959870747.01
17.08.2023,28730.51,28783.48,25166,26623.41,100271.54,2755821274.32
18.08.2023,26623.41,26832.6,25619,26054,69790.66,1834219523.7
19.08.2023,26054,26281,25801.09,26100.01,26160.75,680623880.82
20.08.2023,26100.01,26299,25971.05,26189.99,19056.91,497880752.23
21.08.2023,26189.99,26258.42,25812,26126.92,30267.24,788205156.32
22.08.2023,26126.92,26139.42,25300,26056,34247.07,886782344.16
23.08.2023,26056,26819.27,25812.82,26432.72,44023.7,1156326251.92
24.08.2023,26432.72,26577.87,25864,26180.05,30205.22,792966965.9
25.08.2023,26180.05,26314.05,25777.15,26060.01,27753.34,722611079.19
26.08.2023,26060.01,26125.77,25985.92,26017.37,10022.22,261041530.48
27.08.2023,26017.37,26182.23,25966.11,26101.77,12099.64,315548363.02
28.08.2023,26101.77,26253.99,25864.5,26120,22692.63,591008939.18
29.08.2023,26120,28142.85,25922,27716.34,74251.99,2023326050.76
30.08.2023,27716.34,27768.57,27017.24,27299.99,35448.26,969086451.16
31.08.2023,27299.99,27587.51,25655.01,25940.78,51032.8,1360373186.01
01.09.2023,25940.78,26156,25333.75,25805.05,41032.15,1059444591.71
02.09.2023,25805.05,25987.5,25752.47,25869.51,16250.78,419812969.95
03.09.2023,25869.51,26135,25800,25971.21,17474.48,453100690.1
04.09.2023,25971.21,26108.02,25631.21,25826.02,21777.6,563532890.57
05.09.2023,25826.02,25915.49,25562.62,25792.1,21323.39,548893707.6
06.09.2023,25792.1,26040,25372.51,25759.95,27262.52,700763180.8
07.09.2023,25759.95,26443.14,25615.38,26255,27687.5,718923008.91
08.09.2023,26255,26445.5,25647.26,25910.5,28999.76,754184537.11
09.09.2023,25910.5,25945.09,25796.64,25901.61,10980.62,284109473.81
10.09.2023,25901.61,26033.66,25570.57,25841.61,18738.27,483577459.21
11.09.2023,25841.61,25900.69,24901,25162.52,41682.32,1057371884.67
12.09.2023,25162.52,26567,25131.48,25840.1,56434.39,1464393036.96
13.09.2023,25840.1,26405.22,25764.17,26222,31610.83,825437881.47
14.09.2023,26222,26860.49,26126.77,26522.73,38333.17,1015267319.77
15.09.2023,26522.73,26888,26224,26600,26227.29,695203258
16.09.2023,26600,26777,26445,26559.67,13960.93,370889866.46
17.09.2023,26559.67,26623.25,26399,26527.51,12998.1,344703727.56
18.09.2023,26527.51,27409,26377.35,26762.51,43000.43,1158780347.63
19.09.2023,26762.51,27483.57,26667.79,27210.26,36190.52,981539255.56
20.09.2023,27210.26,27388.63,26800,27125,34207.22,927206075.96
21.09.2023,27125,27159.6,26377.7,26568.08,34476.83,920768143.35
22.09.2023,26568.08,26743.38,26468.77,26580.14,18198.23,484331618.95
23.09.2023,26580.14,26632.81,26509,26575.96,9440.7,250873957.39
24.09.2023,26575.96,26738.54,26122.08,26248.38,15706.66,416368301.37
25.09.2023,26248.38,26446.15,25990.46,26304.81,26266.2,688252596.38
26.09.2023,26304.81,26397.46,26088.34,26221.67,18495.35,485217905.04
27.09.2023,26221.67,26850,26112.06,26372.99,34771.58,918797815.05
28.09.2023,26372.99,27308.48,26342.4,27021.39,44517.83,1193420040.13
29.09.2023,27021.39,27244.89,26665.16,26906.96,28478.76,767827314.93
30.09.2023,26906.96,27094.99,26886.31,26962.56,12804.62,345406056.68
01.10.2023,26962.56,28065.51,26954.09,27992.57,24602.81,674657121.99
02.10.2023,27992.57,28580,27281.44,27494.51,57071.14,1600944483.49
03.10.2023,27494.51,27676.52,27160.5,27426.46,28928.97,794301815.43
04.10.2023,27426.46,27839.72,27202,27778.57,29816.14,820421385.26
05.10.2023,27778.57,28120.39,27352,27410.39,30681.5,849415594.05
06.10.2023,27410.39,28295,27175.94,27931.09,37983.24,1052864393.82
07.10.2023,27931.09,28029.67,27842.08,27956.67,13348.84,372820279.52
08.10.2023,27956.67,28095.14,27687.5,27917.05,19693.57,549839951.48
09.10.2023,27917.05,27987.93,27260,27590.12,31534.75,870014634.36
10.10.2023,27590.12,27735,27298,27390.12,22776.84,626258724.28
11.10.2023,27390.12,27477.39,26538.66,26875.52,37349.45,1007065585.94
12.10.2023,26875.52,26947.04,26555,26759.63,23428.64,626909068.39
13.10.2023,26759.63,27130,26685,26862,24115.76,647553796.36
14.10.2023,26862,26989.58,26789,26852.48,10417.26,280059019.05
15.10.2023,26852.48,27293.33,26808.25,27154.15,15274.69,412673965.34
16.10.2023,27154.15,30000,27112.66,28500.78,78399.22,2210785548.41
17.10.2023,28500.78,28613.65,28069.32,28395.91,38428.45,1090741746.51
18.10.2023,28395.91,28982.36,28142.87,28320,32162.48,914773525.15
19.10.2023,28320,28916.89,28100.66,28713.71,35895.5,1023984017.04
20.10.2023,28713.71,30207.55,28578.29,29669.04,59422.1,1753411192.65
21.10.2023,29669.04,30379.99,29464.77,29909.8,27517.52,821964508.44
22.10.2023,29909.8,30248,29640,29992.46,22852.55,683854827.9
23.10.2023,29992.46,34741.91,29883.6,33069.99,93513.64,2941620022.87
24.10.2023,33069.99,35280,32832.34,33922.73,115265.02,3933194868.16
25.10.2023,33922.73,35132.85,33679.05,34496.05,54887.03,1888210825.6
26.10.2023,34496.05,34824.13,33751,34151.66,39744.66,1363077907.11
27.10.2023,34151.66,34245,33390.95,33892.02,32330.4,1096889423.42
28.10.2023,33892.02,34493.33,33860,34081,16880.13,575936523.35
29.10.2023,34081,34750.11,33930,34525.89,20685.52,711652985.18
30.10.2023,34525.89,34856,34062.84,34474.73,33657.96,1159771907.64
31.10.2023,34474.73,34720.49,34025,34639.77,32737.9,1125442444.49
01.11.2023,34639.77,35582,34097.39,35421.43,53473.28,1856348820.48
02.11.2023,35421.43,35984.99,34300,34941.59,48015.58,1686141698.12
03.11.2023,34941.59,34946.5,34120,34716.78,39071.21,1347962831.58
04.11.2023,34716.78,35255,34585.18,35062.07,18377.56,639958598.42
05.11.2023,35062.07,35380,34448,35011.88,24528.73,859350974
06.11.2023,35011.88,35276.33,34725.9,35046.09,22346.47,782427702.26
07.11.2023,35046.09,35888,34523.06,35399.12,38688.74,1358031361.21
08.11.2023,35399.12,36106,35100,35624.72,33401.34,1185492160.49
09.11.2023,35624.72,37972.24,35534.05,36701.09,82537.89,3033417922.81
10.11.2023,36701.09,37526,36324.71,37301.63,43414.05,1605069174.52
11.11.2023,37301.63,37408.26,36666.93,37130,22984.97,851924612.73
12.11.2023,37130,37222.22,36731.1,37064.13,17687.19,655570813.14
13.11.2023,37064.13,37417.99,36333,36462.93,32798.18,1208037462.3
14.11.2023,36462.93,36744,34800,35551.19,45503.68,1639130785.09
15.11.2023,35551.19,37980,35360,37858.2,53569.13,1963249656.54
16.11.2023,37858.2,37929.54,35500,36163.51,47490.4,1744503339.07
17.11.2023,36163.51,36800,35861.1,36613.92,38283.61,1391225051.23
18.11.2023,36613.92,36845.49,36178.58,36568.1,17102.24,624434069.53
19.11.2023,36568.1,37500,36384.02,37359.86,21246.35,781531839.45
20.11.2023,37359.86,37750,36677,37448.78,36022.7,1343722642.42
21.11.2023,37448.78,37649.44,35735,35741.65,47646.55,1756747496.02
22.11.2023,35741.65,37861.1,35632.01,37408.34,45051.31,1657141022.46
23.11.2023,37408.34,37653.44,36870,37294.28,23827.93,888826648.87
24.11.2023,37294.28,38414,37251.51,37713.57,44680.81,1688715728.11
25.11.2023,37713.57,37888,37591.1,37780.67,11396.14,430165251.77
26.11.2023,37780.67,37814.63,37150,37447.43,21264.54,797321193.6
27.11.2023,37447.43,37569.23,36707,37242.7,30001.07,1112557435.3
28.11.2023,37242.7,38377,36868.41,37818.87,37544.47,1414360251.68
29.11.2023,37818.87,38450,37570,37854.64,32994.19,1252586505.66
30.11.2023,37854.64,38145.85,37500,37723.96,24740.29,934491058.96
01.12.2023,37723.96,38999,37615.86,38682.52,43415.66,1669750777.62
02.12.2023,38682.52,39717.14,38641.61,39450.35,26696.92,1043421976.77
03.12.2023,39450.35,40250,39274.86,39972.26,26710.65,1059860641.05
04.12.2023,39972.26,42420,39972.26,41991.1,79272.33,3285736844.14
05.12.2023,41991.1,44488,41414,44073.32,67490.75,2890205389.56
06.12.2023,44073.32,44297.21,43335.28,43762.69,51431.1,2256979505.59
07.12.2023,43762.69,44047.33,42821.1,43273.14,47103.27,2046945851.89
08.12.2023,43273.14,44700,43081.1,44170.99,42900.38,1875581755.31
09.12.2023,44170.99,44358.02,43584.51,43713.6,24925.97,1096487106.54
10.12.2023,43713.6,44049,43563,43789.51,18956.62,830485162.55
11.12.2023,43789.51,43804.5,40222,41253.4,76663.9,3205540835.47
12.12.2023,41253.4,42104.12,40680,41492.39,42722.7,1773961284.34
13.12.2023,41492.39,43475.2,40555,42869.03,45866,1919703389.52
14.12.2023,42869.03,43420,41400,43022.26,42047.06,1798740625.31
15.12.2023,43022.26,43080.81,41666,41940.3,33421.79,1416898938.51
16.12.2023,41940.3,42724.43,41605,42278.03,24118.86,1020469627.89
17.12.2023,42278.03,42424.07,41252,41374.65,27722.11,1161963642.96
18.12.2023,41374.65,42757.81,40542.93,42657.8,46734.09,1936003306.09
19.12.2023,42657.8,43497,41811.1,42275.99,40927.86,1747830242.47
20.12.2023,42275.99,44283,42206,43668.93,48710.29,2115813869.78
21.12.2023,43668.93,44242.35,43286.72,43861.8,34624.29,1514529919.19
22.12.2023,43861.8,44398.26,43412.54,43969.04,32783.2,1436074497.5
23.12.2023,43969.04,43988.68,43291.1,43702.16,16557.13,722943825.33
24.12.2023,43702.16,43946,42500,42991.5,25144.33,1093460634.89
25.12.2023,42991.5,43802.32,42720.43,43576.13,27021.24,1172053386.51
26.12.2023,43576.13,43592.68,41637.6,42508.93,41010.04,1746333612.31
27.12.2023,42508.93,43677,42098.69,43428.85,36191.21,1554082990.05
28.12.2023,43428.85,43787.57,42241.79,42563.76,35150.52,1508408742.37
29.12.2023,42563.76,43111,41300,42066.95,42597.19,1803086285.24
30.12.2023,42066.95,42612.32,41520.3,42140.28,22906.58,964875790.98
31.12.2023,42140.28,42899,41965.84,42283.58,23585.92,1001519241.56
01.01.2024,42283.58,44184.1,42180.77,44179.55,27174.3,1169995682.03
02.01.2024,44179.55,45879.63,44148.34,44946.91,65146.41,2944331821.82
03.01.2024,44946.91,45500,40750,42845.23,81194.55,3507104563.73
04.01.2024,42845.23,44729.58,42613.77,44151.1,48038.06,2095095359.49
05.01.2024,44151.1,44357.46,42450,44145.11,48075.25,2100953924.36
06.01.2024,44145.11,44214.42,43397.05,43968.32,17835.06,781212883.49
07.01.2024,43968.32,44480.59,43572.09,43929.02,23023.85,1014635096.12
08.01.2024,43929.02,47248.99,43175,46951.04,72814.58,3298772150.67
09.01.2024,46951.04,47972,44748.67,46110,69927.67,3251442072.8
10.01.2024,46110,47695.93,44300.36,46653.99,89911.41,4123809481.66
11.01.2024,46653.99,48969.48,45606.06,46339.16,87470.33,4105139605.04
12.01.2024,46339.16,46515.53,41500,42782.73,86327.94,3827483735.55
13.01.2024,42782.73,43257,42436.12,42847.99,36118.47,1547370611.55
14.01.2024,42847.99,43079,41720,41732.35,28228.41,1202212782.26
15.01.2024,41732.35,43400.43,41718.05,42511.1,40269.89,1718982911.08
16.01.2024,42511.1,43578.01,42050,43137.95,45045.75,1931947150.02
17.01.2024,43137.95,43198,42200.69,42776.1,33266.21,1419888430.91
18.01.2024,42776.1,42930,40683.28,41327.5,43907.52,1839426541.26
19.01.2024,41327.5,42196.86,40280,41659.03,48342.75,1993846466.53
20.01.2024,41659.03,41872.56,41456.3,41696.04,15923.99,662768008.15
21.01.2024,41696.04,41881.39,41500.98,41580.33,11730.16,489151571.03
22.01.2024,41580.33,41689.65,39431.58,39568.02,55426.2,2247452153.78
23.01.2024,39568.02,40176.74,38555,39897.6,57956.63,2275851990.64
24.01.2024,39897.6,40555,39484.19,40084.88,39293.83,1569704923.82
25.01.2024,40084.88,40300.24,39550,39961.09,31022.12,1238813296.15
26.01.2024,39961.09,42246.82,39822.52,41823.51,47384.97,1951700659.3
27.01.2024,41823.51,42200,41394.34,42120.63,16224.42,678418702.35
28.01.2024,42120.63,42842.68,41620.81,42031.06,27295,1154365891.67
29.01.2024,42031.06,43333,41804.88,43302.7,31542.74,1343462280.37
30.01.2024,43302.7,43882.36,42683.99,42941.1,37619.25,1633251085.67
31.01.2024,42941.1,43745.11,42276.84,42580,39871.14,1711665577.06
01.02.2024,42580,43285.13,41884.28,43082.94,35231.05,1497121440.65
02.02.2024,43082.94,43488,42546.79,43200,29672.14,1277919437.3
03.02.2024,43200,43380.01,42880,43011.09,12033.41,518775350.03
04.02.2024,43011.09,43119.04,42222,42582.88,17066.89,730999557.71
05.02.2024,42582.88,43569.76,42258.1,42708.7,29467.76,1262620640.54
06.02.2024,42708.7,43399.98,42574,43098.95,24675.85,1061049582.6
07.02.2024,43098.95,44396.5,42788,44349.6,34392.6,1496013692.39
08.02.2024,44349.6,45614.3,44331.1,45288.65,45439.62,2042912128.16
09.02.2024,45288.65,48200,45242.12,47132.77,73503.48,3453043306.43
10.02.2024,47132.77,48170,46800,47751.09,24802.36,1176079377.7
11.02.2024,47751.09,48592.66,47557.16,48299.99,29958.81,1443314885.78
12.02.2024,48299.99,50334.82,47710.01,49917.27,59009.97,2898220863.02
13.02.2024,49917.27,50368.61,48300.95,49699.59,55551.57,2745025370.06
14.02.2024,49699.59,52043.71,49225.01,51795.17,57046.37,2919604456.73
15.02.2024,51795.17,52816.62,51314,51880,53816.03,2802825738.02
16.02.2024,51880,52572.08,51566,52124.11,37772.25,1965003864.01
17.02.2024,52124.11,52162.82,50625,51642.64,25674.01,1319908544.99
18.02.2024,51642.64,52377,51163.28,52137.67,21992.1,1139209588.43
19.02.2024,52137.67,52488.77,51677,51774.73,29534.99,1539600521.61
20.02.2024,51774.73,52985,50760.37,52258.82,49614.47,2574874999.39
21.02.2024,52258.82,52366.8,50625,51849.39,43079.4,2210278288.73
22.02.2024,51849.39,52065.78,50940.78,51288.42,35309.45,1820949707.17
23.02.2024,51288.42,51548.54,50521,50744.15,30545.8,1559143576.83
24.02.2024,50744.15,51698,50585,51568.22,16560.42,847793393.57
25.02.2024,51568.22,51958.55,51279.8,51728.85,18721.63,966951114.45
26.02.2024,51728.85,54910,50901.44,54476.47,51256.72,2710403072.97
27.02.2024,54476.47,57588.15,54450.13,57037.34,67194.99,3795949115.22
28.02.2024,57037.34,64000,56691.85,62432.1,118763.47,7162581994.48
29.02.2024,62432.1,63676.35,60364.7,61130.98,78425.08,4872212871.28
01.03.2024,61130.98,63114.23,60777,62387.9,47737.93,2956537377.96
02.03.2024,62387.9,62433.19,61561.12,61987.28,25534.74,1582566973.83
03.03.2024,61987.28,63231.88,61320,63113.97,28994.91,1804536272.95
04.03.2024,63113.97,68499,62300,68245.71,84835.16,5568877537.06
05.03.2024,68245.71,69000,59005,63724.01,132696.78,8674526591.28
06.03.2024,63724.01,67641.1,62779.14,66074.04,78738.85,5197743036.59
07.03.2024,66074.04,67980,65551,66823.17,53059.89,3548088039.26
08.03.2024,66823.17,69990,66082.66,68124.19,74261.93,5044395324.41
09.03.2024,68124.19,68541.1,67861.1,68313.27,19872.9,1355964036.91
10.03.2024,68313.27,69887.61,68094.75,68955.88,38404.67,2659307501.1
11.03.2024,68955.88,72800,67024.96,72078.1,75292.83,5352704377.64
12.03.2024,72078.1,73000,68620.82,71452.01,68783.55,4909667978.58
